group,n,structure,pattern,operation,seconds,comparisons,rotations,nodes,memory_bytes,extra
strings,1000,Trie,prefixos_compartilhados,insert,0.004678,9548,0,5754,1224312,
strings,1000,Trie,prefixos_compartilhados,search,0.000948,9548,0,5754,1224312,
strings,1000,Trie,prefixos_compartilhados,prefix_query,0.000481,400,0,5754,1224312,
strings,1000,Patricia,prefixos_compartilhados,insert,0.002735,4106,0,1312,253313,
strings,1000,Patricia,prefixos_compartilhados,search,0.003547,13351,0,1312,253313,
strings,1000,Patricia,prefixos_compartilhados,prefix_query,0.000350,662,0,1312,253313,
strings,5000,Trie,prefixos_compartilhados,insert,0.017658,47546,0,26288,5571272,
strings,5000,Trie,prefixos_compartilhados,search,0.005710,47546,0,26288,5571272,
strings,5000,Trie,prefixos_compartilhados,prefix_query,0.001952,400,0,26288,5571272,
strings,5000,Patricia,prefixos_compartilhados,insert,0.017307,22708,0,6450,1259593,
strings,5000,Patricia,prefixos_compartilhados,search,0.016096,68771,0,6450,1259593,
strings,5000,Patricia,prefixos_compartilhados,prefix_query,0.000573,672,0,6450,1259593,
strings,10000,Trie,prefixos_compartilhados,insert,0.042526,94902,0,50087,10526032,
strings,10000,Trie,prefixos_compartilhados,search,0.012366,94902,0,50087,10526032,
strings,10000,Trie,prefixos_compartilhados,prefix_query,0.004072,400,0,50087,10526032,
strings,10000,Patricia,prefixos_compartilhados,insert,0.035380,48206,0,13391,2611677,
strings,10000,Patricia,prefixos_compartilhados,search,0.035745,140121,0,13391,2611677,
strings,10000,Patricia,prefixos_compartilhados,prefix_query,0.001138,686,0,13391,2611677,
ordenaveis,1000,BST,aleatorio,insert,0.002419,20252,0,1000,48000,
ordenaveis,1000,BST,aleatorio,search,0.001995,21252,0,1000,48000,
ordenaveis,1000,BST,zipf,search,0.000861,8960,0,1000,48000,
ordenaveis,1000,BST,localidade,search,0.001007,10738,0,1000,48000,
ordenaveis,1000,BST,aleatorio,delete,0.000456,2974,0,800,38400,
ordenaveis,1000,AVL,aleatorio,insert,0.006606,17564,745,1000,48000,
ordenaveis,1000,AVL,aleatorio,search,0.001680,17438,0,1000,48000,
ordenaveis,1000,AVL,zipf,search,0.000928,9566,0,1000,48000,
ordenaveis,1000,AVL,localidade,search,0.001152,11946,0,1000,48000,
ordenaveis,1000,AVL,aleatorio,delete,0.001527,5790,92,800,38400,
ordenaveis,1000,Splay,aleatorio,insert,0.005432,25662,12823,1000,48000,
ordenaveis,1000,Splay,aleatorio,search,0.004828,24842,12816,1000,48000,
ordenaveis,1000,Splay,zipf,search,0.002562,13566,6411,1000,48000,
ordenaveis,1000,Splay,localidade,search,0.002348,12664,5872,1000,48000,
ordenaveis,1000,Splay,aleatorio,delete,0.001190,5988,3093,800,38400,
ordenaveis,1000,Treap,aleatorio,insert,0.003850,21230,1922,1000,48000,
ordenaveis,1000,Treap,aleatorio,search,0.002119,22664,0,1000,48000,
ordenaveis,1000,Treap,zipf,search,0.002008,21834,0,1000,48000,
ordenaveis,1000,Treap,localidade,search,0.001981,19776,0,1000,48000,
ordenaveis,1000,Treap,aleatorio,delete,0.000966,8263,163,800,38400,
ordenaveis,1000,BST,ordenado,insert,0.108318,999000,0,1000,48000,
ordenaveis,1000,BST,ordenado,search,0.104840,1000000,0,1000,48000,
ordenaveis,1000,BST,ordenado,delete,0.000119,400,0,800,38400,
ordenaveis,1000,AVL,ordenado,insert,0.009667,17954,990,1000,48000,
ordenaveis,1000,AVL,ordenado,search,0.002939,16974,0,1000,48000,
ordenaveis,1000,AVL,ordenado,delete,0.001964,4656,98,800,38400,
ordenaveis,1000,Splay,ordenado,insert,0.001309,3996,0,1000,48000,
ordenaveis,1000,Splay,ordenado,search,0.005849,26542,14017,1000,48000,
ordenaveis,1000,Splay,ordenado,delete,0.000179,958,282,800,38400,
ordenaveis,1000,Treap,ordenado,insert,0.002169,12124,991,1000,48000,
ordenaveis,1000,Treap,ordenado,search,0.001980,21528,0,1000,48000,
ordenaveis,1000,Treap,ordenado,delete,0.000501,4530,0,800,38400,
ordenaveis,5000,BST,aleatorio,insert,0.026337,173958,0,5000,240000,
ordenaveis,5000,BST,aleatorio,search,0.017707,178958,0,5000,240000,
ordenaveis,5000,BST,zipf,search,0.007392,76560,0,5000,240000,
ordenaveis,5000,BST,localidade,search,0.008585,86176,0,5000,240000,
ordenaveis,5000,BST,aleatorio,delete,0.003793,25199,0,4000,192000,
ordenaveis,5000,AVL,aleatorio,insert,0.040520,110368,3456,5000,240000,
ordenaveis,5000,AVL,aleatorio,search,0.010855,110178,0,5000,240000,
ordenaveis,5000,AVL,zipf,search,0.007609,67000,0,5000,240000,
ordenaveis,5000,AVL,localidade,search,0.006576,62972,0,5000,240000,
ordenaveis,5000,AVL,aleatorio,delete,0.012383,36885,433,4000,192000,
ordenaveis,5000,Splay,aleatorio,insert,0.040140,167063,86615,5000,240000,
ordenaveis,5000,Splay,aleatorio,search,0.032644,153637,80778,5000,240000,
ordenaveis,5000,Splay,zipf,search,0.017753,82382,40348,5000,240000,
ordenaveis,5000,Splay,localidade,search,0.015287,72277,34418,5000,240000,
ordenaveis,5000,Splay,aleatorio,delete,0.009051,38634,20620,4000,192000,
ordenaveis,5000,Treap,aleatorio,insert,0.022930,138182,9902,5000,240000,
ordenaveis,5000,Treap,aleatorio,search,0.012993,137510,0,5000,240000,
ordenaveis,5000,Treap,zipf,search,0.012431,129914,0,5000,240000,
ordenaveis,5000,Treap,localidade,search,0.013754,143578,0,5000,240000,
ordenaveis,5000,Treap,aleatorio,delete,0.006627,51607,1061,4000,192000,
ordenaveis,5000,BST,ordenado,insert,2.582540,24995000,0,5000,240000,
ordenaveis,5000,BST,ordenado,search,2.540625,25000000,0,5000,240000,
ordenaveis,5000,BST,ordenado,delete,0.000392,2000,0,4000,192000,
ordenaveis,5000,AVL,ordenado,insert,0.041472,113618,4987,5000,240000,
ordenaveis,5000,AVL,ordenado,search,0.011224,108644,0,5000,240000,
ordenaveis,5000,AVL,ordenado,delete,0.007455,27696,498,4000,192000,
ordenaveis,5000,Splay,ordenado,insert,0.004088,19996,0,5000,240000,
ordenaveis,5000,Splay,ordenado,search,0.039504,164061,87917,5000,240000,
ordenaveis,5000,Splay,ordenado,delete,0.000889,4709,1374,4000,192000,
ordenaveis,5000,Treap,ordenado,insert,0.015418,91052,4991,5000,240000,
ordenaveis,5000,Treap,ordenado,search,0.015092,151518,0,5000,240000,
ordenaveis,5000,Treap,ordenado,delete,0.002804,23028,0,4000,192000,
ordenaveis,10000,BST,aleatorio,insert,0.041903,344642,0,10000,480000,
ordenaveis,10000,BST,aleatorio,search,0.035890,354642,0,10000,480000,
ordenaveis,10000,BST,zipf,search,0.014955,145424,0,10000,480000,
ordenaveis,10000,BST,localidade,search,0.016464,153910,0,10000,480000,
ordenaveis,10000,BST,aleatorio,delete,0.008462,52817,0,8000,384000,
ordenaveis,10000,AVL,aleatorio,insert,0.099937,240982,6956,10000,480000,
ordenaveis,10000,AVL,aleatorio,search,0.026804,240476,0,10000,480000,
ordenaveis,10000,AVL,zipf,search,0.022587,148048,0,10000,480000,
ordenaveis,10000,AVL,localidade,search,0.014526,140534,0,10000,480000,
ordenaveis,10000,AVL,aleatorio,delete,0.022798,80813,850,8000,384000,
ordenaveis,10000,Splay,aleatorio,insert,0.085514,368899,193320,10000,480000,
ordenaveis,10000,Splay,aleatorio,search,0.073597,332961,176220,10000,480000,
ordenaveis,10000,Splay,zipf,search,0.036199,171099,84101,10000,480000,
ordenaveis,10000,Splay,localidade,search,0.033005,152380,73474,10000,480000,
ordenaveis,10000,Splay,aleatorio,delete,0.018852,84510,45574,8000,384000,
ordenaveis,10000,Treap,aleatorio,insert,0.054869,305472,20293,10000,480000,
ordenaveis,10000,Treap,aleatorio,search,0.033141,322440,0,10000,480000,
ordenaveis,10000,Treap,zipf,search,0.032369,301992,0,10000,480000,
ordenaveis,10000,Treap,localidade,search,0.035070,322480,0,10000,480000,
ordenaveis,10000,Treap,aleatorio,delete,0.020154,119204,1924,8000,384000,
ordenaveis,10000,AVL,ordenado,insert,0.103098,247234,9986,10000,480000,
ordenaveis,10000,AVL,ordenado,search,0.025482,237262,0,10000,480000,
ordenaveis,10000,AVL,ordenado,delete,0.015594,59892,998,8000,384000,
ordenaveis,10000,Treap,ordenado,insert,0.034923,171524,9993,10000,480000,
ordenaveis,10000,Treap,ordenado,search,0.038162,331108,0,10000,480000,
ordenaveis,10000,Treap,ordenado,delete,0.006153,54120,0,8000,384000,
espacial,1000,KDTree,2d,insert,0.005386,34389,0,1000,104000,
espacial,1000,KDTree,2d,nearest,0.004694,5163,0,1000,104000,400
espacial,1000,brute_force,2d,nearest,0.259292,0,0,1000,104000,400
espacial,1000,KDTree,2d,range,0.000218,135,0,1000,104000,
espacial,1000,KDTree,3d,insert,0.006469,31707,0,1000,112000,
espacial,1000,KDTree,3d,nearest,0.005154,4853,0,1000,112000,400
espacial,1000,brute_force,3d,nearest,0.325605,0,0,1000,112000,400
espacial,1000,KDTree,3d,range,0.000066,63,0,1000,112000,
espacial,5000,KDTree,2d,insert,0.043108,211812,0,5000,520000,
espacial,5000,KDTree,2d,nearest,0.006477,5820,0,5000,520000,400
espacial,5000,brute_force,2d,nearest,1.338729,0,0,5000,520000,400
espacial,5000,KDTree,2d,range,0.000316,366,0,5000,520000,
espacial,5000,KDTree,3d,insert,0.037839,211983,0,5000,560000,
espacial,5000,KDTree,3d,nearest,0.007402,5887,0,5000,560000,400
espacial,5000,brute_force,3d,nearest,1.672730,0,0,5000,560000,400
espacial,5000,KDTree,3d,range,0.000520,254,0,5000,560000,
espacial,10000,KDTree,2d,insert,0.081878,443904,0,10000,1040000,
espacial,10000,KDTree,2d,nearest,0.006018,5860,0,10000,1040000,400
espacial,10000,brute_force,2d,nearest,3.504128,0,0,10000,1040000,400
espacial,10000,KDTree,2d,range,0.001243,758,0,10000,1040000,
espacial,10000,KDTree,3d,insert,0.150171,529458,0,10000,1120000,
espacial,10000,KDTree,3d,nearest,0.014197,7157,0,10000,1120000,400
espacial,10000,brute_force,3d,nearest,4.007683,0,0,10000,1120000,400
espacial,10000,KDTree,3d,range,0.000478,387,0,10000,1120000,
